{
  "version": "1.0",
  "timestamp": "2026-04-29T20:00:08.594949+00:00",
  "btc_price": 75596.45,
  "btc_change_24h": -1.038,
  "btc_high_24h": 77904.93,
  "btc_low_24h": 74937.52,
  "btc_volume_24h_usd": 1353926459.834214,
  "score": 41,
  "bias": "NEUTRU",
  "bias_text": "F\u0103r\u0103 edge clar \u2014 a\u0219teapt\u0103 setup mai curat",
  "conviction": "LOW",
  "components": {
    "rsi_multi_tf": {
      "raw": 0.054,
      "weight": 0.18,
      "contribution": 0.01
    },
    "macd_1h": {
      "raw": -1.0,
      "weight": 0.1,
      "contribution": -0.1
    },
    "vwap": {
      "raw": -1.0,
      "weight": 0.1,
      "contribution": -0.1
    },
    "pivots": {
      "raw": -0.35,
      "weight": 0.07,
      "contribution": -0.024
    },
    "funding": {
      "raw": 0.0,
      "weight": 0.12,
      "contribution": 0.0
    },
    "oi_delta": {
      "raw": -0.2,
      "weight": 0.07,
      "contribution": -0.014
    },
    "ls_divergence": {
      "raw": 0.014,
      "weight": 0.08,
      "contribution": 0.001
    },
    "taker": {
      "raw": 0.0,
      "weight": 0.08,
      "contribution": 0.0
    },
    "whale_flow": {
      "raw": 0.0,
      "weight": 0.1,
      "contribution": 0.0
    },
    "macro_context": {
      "raw": 0.467,
      "weight": 0.1,
      "contribution": 0.047
    }
  },
  "indicators": {
    "rsi_15m": 39.6,
    "rsi_1h": 34.0,
    "rsi_4h": 38.3,
    "rsi_1d": 55.4,
    "macd_1h": {
      "macd": -248.4760779348726,
      "signal": -67.44982747400219,
      "hist": -181.02625046087041,
      "hist_prev": -170.26543392128755
    },
    "atr_1h": 538.8928571428561,
    "bb_1h": {
      "upper": 77977.85217934579,
      "lower": 75405.74782065424,
      "sma": 76691.80000000002,
      "width_pct": 3.3538192592839744
    },
    "vwap": 76504.84756018316,
    "pivots": {
      "pivot": 76461.23333333334,
      "r1": 77286.86666666667,
      "r2": 78275.63333333333,
      "s1": 75472.46666666667,
      "s2": 74646.83333333334,
      "y_high": 77450.0,
      "y_low": 75635.6,
      "y_close": 76298.1
    }
  },
  "crowd": {
    "funding_pct": 0.0035710000000000004,
    "funding_8h_avg": 0.00068,
    "oi_value_usd": 7165202943.562755,
    "oi_delta_pct_12h": -5.14,
    "global_ls": {
      "long_pct": 50.849999999999994,
      "short_pct": 49.15,
      "ratio": 1.0346
    },
    "top_trader_ls": {
      "long_pct": 51.129999999999995,
      "short_pct": 48.870000000000005,
      "ratio": 1.0462
    },
    "taker_ratio": {
      "buy_vol": 3186.8940000000002,
      "sell_vol": 3164.0919999999996,
      "ratio": 1.0072064908352856
    }
  },
  "whale_flow_6h": {
    "long_usd": 62726090.41,
    "short_usd": 11323500.0,
    "net_usd": 51402590.41,
    "fill_count": 0,
    "smart_long_pct": 84.7,
    "signal": "BULLISH"
  },
  "macro_context": {
    "risk_v2_score": 64,
    "risk_v2_decision": "HOLD",
    "risk_v2_conviction": "LOW"
  },
  "volatility": {
    "label": "normal\u0103",
    "atr_pct": 0.7128547136047474,
    "level": "normal"
  },
  "session": {
    "active": "US",
    "next": "Asia",
    "minutes_to_next": 240
  },
  "setups": {
    "long": {
      "conditions": [
        {
          "text": "Macro suport\u0103 (Risk Score > 50)",
          "met": true
        },
        {
          "text": "RSI 1h sub 65 (nu overbought)",
          "met": true
        },
        {
          "text": "Pre\u021b peste VWAP zilnic",
          "met": false
        },
        {
          "text": "Funding nu e extrem long",
          "met": true
        },
        {
          "text": "Whale flow 6h NET pozitiv sau neutru",
          "met": true
        }
      ],
      "met": 4,
      "total": 5
    },
    "short": {
      "conditions": [
        {
          "text": "Macro fragil (Risk Score < 50)",
          "met": false
        },
        {
          "text": "RSI 1h peste 60 (overbought)",
          "met": false
        },
        {
          "text": "Pre\u021b sub VWAP zilnic",
          "met": true
        },
        {
          "text": "Funding extrem long (long squeeze setup)",
          "met": false
        },
        {
          "text": "Whale flow 6h NET negativ",
          "met": false
        }
      ],
      "met": 1,
      "total": 5
    },
    "squeeze": {
      "conditions": [
        {
          "text": "Bollinger Bands str\u00e2nse (BB width < 2%)",
          "met": false
        },
        {
          "text": "Funding extrem (>0.04% sau <-0.03%)",
          "met": false
        },
        {
          "text": "OI \u00een cre\u0219tere (>3% \u00een 12h)",
          "met": false
        }
      ],
      "met": 0,
      "total": 3
    }
  },
  "alerts": []
}