{
  "version": "1.0",
  "timestamp": "2026-04-29T20:10:08.983336+00:00",
  "btc_price": 75648.23,
  "btc_change_24h": -0.932,
  "btc_high_24h": 77904.93,
  "btc_low_24h": 74937.52,
  "btc_volume_24h_usd": 1359104139.994814,
  "score": 46,
  "bias": "NEUTRU",
  "bias_text": "F\u0103r\u0103 edge clar \u2014 a\u0219teapt\u0103 setup mai curat",
  "conviction": "LOW",
  "components": {
    "rsi_multi_tf": {
      "raw": 0.04,
      "weight": 0.18,
      "contribution": 0.007
    },
    "macd_1h": {
      "raw": -0.2,
      "weight": 0.1,
      "contribution": -0.02
    },
    "vwap": {
      "raw": -1.0,
      "weight": 0.1,
      "contribution": -0.1
    },
    "pivots": {
      "raw": -0.329,
      "weight": 0.07,
      "contribution": -0.023
    },
    "funding": {
      "raw": 0.0,
      "weight": 0.12,
      "contribution": 0.0
    },
    "oi_delta": {
      "raw": 0.0,
      "weight": 0.07,
      "contribution": 0.0
    },
    "ls_divergence": {
      "raw": 0.014,
      "weight": 0.08,
      "contribution": 0.001
    },
    "taker": {
      "raw": 0.2,
      "weight": 0.08,
      "contribution": 0.016
    },
    "whale_flow": {
      "raw": 0.0,
      "weight": 0.1,
      "contribution": 0.0
    },
    "macro_context": {
      "raw": 0.467,
      "weight": 0.1,
      "contribution": 0.047
    }
  },
  "indicators": {
    "rsi_15m": 41.7,
    "rsi_1h": 35.2,
    "rsi_4h": 38.9,
    "rsi_1d": 55.7,
    "macd_1h": {
      "macd": -285.045737556371,
      "signal": -110.99961232435103,
      "hist": -174.04612523202,
      "hist_prev": -181.179424711924
    },
    "atr_1h": 521.75,
    "bb_1h": {
      "upper": 78020.02458537876,
      "lower": 75274.14541462125,
      "sma": 76647.085,
      "width_pct": 3.582496543420424
    },
    "vwap": 76493.79783902301,
    "pivots": {
      "pivot": 76461.23333333334,
      "r1": 77286.86666666667,
      "r2": 78275.63333333333,
      "s1": 75472.46666666667,
      "s2": 74646.83333333334,
      "y_high": 77450.0,
      "y_low": 75635.6,
      "y_close": 76298.1
    }
  },
  "crowd": {
    "funding_pct": 0.0035710000000000004,
    "funding_8h_avg": 0.00068,
    "oi_value_usd": 7188966080.438609,
    "oi_delta_pct_12h": -4.78,
    "global_ls": {
      "long_pct": 50.92,
      "short_pct": 49.08,
      "ratio": 1.0375
    },
    "top_trader_ls": {
      "long_pct": 51.21,
      "short_pct": 48.79,
      "ratio": 1.0496
    },
    "taker_ratio": {
      "buy_vol": 3445.1620000000003,
      "sell_vol": 3276.834,
      "ratio": 1.051369095901715
    }
  },
  "whale_flow_6h": {
    "long_usd": 62756834.42999999,
    "short_usd": 11329050.0,
    "net_usd": 51427784.42999999,
    "fill_count": 0,
    "smart_long_pct": 84.7,
    "signal": "BULLISH"
  },
  "macro_context": {
    "risk_v2_score": 64,
    "risk_v2_decision": "HOLD",
    "risk_v2_conviction": "LOW"
  },
  "volatility": {
    "label": "normal\u0103",
    "atr_pct": 0.6897054960836493,
    "level": "normal"
  },
  "session": {
    "active": "US",
    "next": "Asia",
    "minutes_to_next": 230
  },
  "setups": {
    "long": {
      "conditions": [
        {
          "text": "Macro suport\u0103 (Risk Score > 50)",
          "met": true
        },
        {
          "text": "RSI 1h sub 65 (nu overbought)",
          "met": true
        },
        {
          "text": "Pre\u021b peste VWAP zilnic",
          "met": false
        },
        {
          "text": "Funding nu e extrem long",
          "met": true
        },
        {
          "text": "Whale flow 6h NET pozitiv sau neutru",
          "met": true
        }
      ],
      "met": 4,
      "total": 5
    },
    "short": {
      "conditions": [
        {
          "text": "Macro fragil (Risk Score < 50)",
          "met": false
        },
        {
          "text": "RSI 1h peste 60 (overbought)",
          "met": false
        },
        {
          "text": "Pre\u021b sub VWAP zilnic",
          "met": true
        },
        {
          "text": "Funding extrem long (long squeeze setup)",
          "met": false
        },
        {
          "text": "Whale flow 6h NET negativ",
          "met": false
        }
      ],
      "met": 1,
      "total": 5
    },
    "squeeze": {
      "conditions": [
        {
          "text": "Bollinger Bands str\u00e2nse (BB width < 2%)",
          "met": false
        },
        {
          "text": "Funding extrem (>0.04% sau <-0.03%)",
          "met": false
        },
        {
          "text": "OI \u00een cre\u0219tere (>3% \u00een 12h)",
          "met": false
        }
      ],
      "met": 0,
      "total": 3
    }
  },
  "alerts": []
}