{
  "version": "1.0",
  "timestamp": "2026-04-29T12:41:14.396925+00:00",
  "btc_price": 77146.01,
  "btc_change_24h": 1.091,
  "btc_high_24h": 77904.93,
  "btc_low_24h": 75666.6,
  "btc_volume_24h_usd": 1123882632.4870734,
  "score": 53,
  "bias": "NEUTRU",
  "bias_text": "F\u0103r\u0103 edge clar \u2014 a\u0219teapt\u0103 setup mai curat",
  "conviction": "LOW",
  "components": {
    "rsi_multi_tf": {
      "raw": -0.003,
      "weight": 0.18,
      "contribution": -0.001
    },
    "macd_1h": {
      "raw": 0.2,
      "weight": 0.1,
      "contribution": 0.02
    },
    "vwap": {
      "raw": 0.003,
      "weight": 0.1,
      "contribution": 0.0
    },
    "pivots": {
      "raw": 0.277,
      "weight": 0.07,
      "contribution": 0.019
    },
    "funding": {
      "raw": 0.0,
      "weight": 0.12,
      "contribution": 0.0
    },
    "oi_delta": {
      "raw": 0.0,
      "weight": 0.07,
      "contribution": 0.0
    },
    "ls_divergence": {
      "raw": -0.014,
      "weight": 0.08,
      "contribution": -0.001
    },
    "taker": {
      "raw": -0.4,
      "weight": 0.08,
      "contribution": -0.032
    },
    "whale_flow": {
      "raw": 0.0,
      "weight": 0.1,
      "contribution": 0.0
    },
    "macro_context": {
      "raw": 0.5,
      "weight": 0.1,
      "contribution": 0.05
    }
  },
  "indicators": {
    "rsi_15m": 45.0,
    "rsi_1h": 54.4,
    "rsi_4h": 49.7,
    "rsi_1d": 60.8,
    "macd_1h": {
      "macd": 194.34842676503467,
      "signal": 98.76031729168206,
      "hist": 95.58810947335262,
      "hist_prev": 135.14205442360756
    },
    "atr_1h": 391.1857142857147,
    "bb_1h": {
      "upper": 77753.01752040278,
      "lower": 75812.41247959722,
      "sma": 76782.715,
      "width_pct": 2.5273983093793437
    },
    "vwap": 77143.65831460097,
    "pivots": {
      "pivot": 76461.23333333334,
      "r1": 77286.86666666667,
      "r2": 78275.63333333333,
      "s1": 75472.46666666667,
      "s2": 74646.83333333334,
      "y_high": 77450.0,
      "y_low": 75635.6,
      "y_close": 76298.1
    }
  },
  "crowd": {
    "funding_pct": -0.00284,
    "funding_8h_avg": 0.00124,
    "oi_value_usd": 7696117657.9168,
    "oi_delta_pct_12h": 3.21,
    "global_ls": {
      "long_pct": 42.82,
      "short_pct": 57.18,
      "ratio": 0.7489
    },
    "top_trader_ls": {
      "long_pct": 42.54,
      "short_pct": 57.46,
      "ratio": 0.7403
    },
    "taker_ratio": {
      "buy_vol": 3940.446999999999,
      "sell_vol": 5080.627,
      "ratio": 0.7755828168452434
    }
  },
  "whale_flow_6h": {
    "long_usd": 64067194.0,
    "short_usd": 11565600.0,
    "net_usd": 52501594.0,
    "fill_count": 0,
    "smart_long_pct": 84.7,
    "signal": "BULLISH"
  },
  "macro_context": {
    "risk_v2_score": 65,
    "risk_v2_decision": "BUY",
    "risk_v2_conviction": "MEDIUM"
  },
  "volatility": {
    "label": "sc\u0103zut\u0103",
    "atr_pct": 0.5070718683775283,
    "level": "low"
  },
  "session": {
    "active": "EU",
    "next": "US",
    "minutes_to_next": 19
  },
  "setups": {
    "long": {
      "conditions": [
        {
          "text": "Macro suport\u0103 (Risk Score > 50)",
          "met": true
        },
        {
          "text": "RSI 1h sub 65 (nu overbought)",
          "met": true
        },
        {
          "text": "Pre\u021b peste VWAP zilnic",
          "met": true
        },
        {
          "text": "Funding nu e extrem long",
          "met": true
        },
        {
          "text": "Whale flow 6h NET pozitiv sau neutru",
          "met": true
        }
      ],
      "met": 5,
      "total": 5
    },
    "short": {
      "conditions": [
        {
          "text": "Macro fragil (Risk Score < 50)",
          "met": false
        },
        {
          "text": "RSI 1h peste 60 (overbought)",
          "met": false
        },
        {
          "text": "Pre\u021b sub VWAP zilnic",
          "met": false
        },
        {
          "text": "Funding extrem long (long squeeze setup)",
          "met": false
        },
        {
          "text": "Whale flow 6h NET negativ",
          "met": false
        }
      ],
      "met": 0,
      "total": 5
    },
    "squeeze": {
      "conditions": [
        {
          "text": "Bollinger Bands str\u00e2nse (BB width < 2%)",
          "met": false
        },
        {
          "text": "Funding extrem (>0.04% sau <-0.03%)",
          "met": false
        },
        {
          "text": "OI \u00een cre\u0219tere (>3% \u00een 12h)",
          "met": true
        }
      ],
      "met": 1,
      "total": 3
    }
  },
  "alerts": [
    {
      "text": "Deschidere US \u00een 19min \u2014 volatilitate crescut\u0103 probabil\u0103",
      "severity": "amber"
    }
  ]
}