{
  "version": "1.0",
  "timestamp": "2026-05-05T04:45:08.790754+00:00",
  "btc_price": 80769.3,
  "btc_change_24h": 0.521,
  "btc_high_24h": 81083.98,
  "btc_low_24h": 78202.0,
  "btc_volume_24h_usd": 1809907368.1362736,
  "score": 57,
  "bias": "NEUTRU",
  "bias_text": "F\u0103r\u0103 edge clar \u2014 a\u0219teapt\u0103 setup mai curat",
  "conviction": "LOW",
  "components": {
    "rsi_multi_tf": {
      "raw": -0.108,
      "weight": 0.18,
      "contribution": -0.019
    },
    "macd_1h": {
      "raw": 1.0,
      "weight": 0.1,
      "contribution": 0.1
    },
    "vwap": {
      "raw": 0.279,
      "weight": 0.1,
      "contribution": 0.028
    },
    "pivots": {
      "raw": 0.33,
      "weight": 0.07,
      "contribution": 0.023
    },
    "funding": {
      "raw": 0.0,
      "weight": 0.12,
      "contribution": 0.0
    },
    "oi_delta": {
      "raw": 0.0,
      "weight": 0.07,
      "contribution": 0.0
    },
    "ls_divergence": {
      "raw": 0.037,
      "weight": 0.08,
      "contribution": 0.003
    },
    "taker": {
      "raw": -0.4,
      "weight": 0.08,
      "contribution": -0.032
    },
    "whale_flow": {
      "raw": 0.0,
      "weight": 0.1,
      "contribution": 0.0
    },
    "macro_context": {
      "raw": 0.467,
      "weight": 0.1,
      "contribution": 0.047
    }
  },
  "indicators": {
    "rsi_15m": 61.9,
    "rsi_1h": 63.5,
    "rsi_4h": 66.1,
    "rsi_1d": 70.3,
    "macd_1h": {
      "macd": 353.2117732360057,
      "signal": 297.48844182105427,
      "hist": 55.72333141495142,
      "hist_prev": 51.19909956905349
    },
    "atr_1h": 496.8785714285706,
    "bb_1h": {
      "upper": 81121.74859637869,
      "lower": 78683.6814036213,
      "sma": 79902.715,
      "width_pct": 3.051294555832534
    },
    "vwap": 80544.36443242118,
    "pivots": {
      "pivot": 79575.36666666667,
      "r1": 81022.43333333333,
      "r2": 82218.76666666666,
      "s1": 78379.03333333334,
      "s2": 76931.96666666667,
      "y_high": 80771.7,
      "y_low": 78128.3,
      "y_close": 79826.1
    }
  },
  "crowd": {
    "funding_pct": -0.000383,
    "funding_8h_avg": -0.00123,
    "oi_value_usd": 9010395422.088,
    "oi_delta_pct_12h": 4.21,
    "global_ls": {
      "long_pct": 33.87,
      "short_pct": 66.13,
      "ratio": 0.5122
    },
    "top_trader_ls": {
      "long_pct": 34.62,
      "short_pct": 65.38000000000001,
      "ratio": 0.5295
    },
    "taker_ratio": {
      "buy_vol": 2264.224,
      "sell_vol": 2644.8059999999996,
      "ratio": 0.8561021110811154
    }
  },
  "whale_flow_6h": {
    "long_usd": 11754927.84,
    "short_usd": 20212500.0,
    "net_usd": -8457572.16,
    "fill_count": 0,
    "smart_long_pct": 36.8,
    "signal": "NEUTRAL"
  },
  "macro_context": {
    "risk_v2_score": 64,
    "risk_v2_decision": "HOLD",
    "risk_v2_conviction": "LOW"
  },
  "volatility": {
    "label": "normal\u0103",
    "atr_pct": 0.6151824658980214,
    "level": "normal"
  },
  "session": {
    "active": "Asia",
    "next": "EU",
    "minutes_to_next": 135
  },
  "setups": {
    "long": {
      "conditions": [
        {
          "text": "Macro suport\u0103 (Risk Score > 50)",
          "met": true
        },
        {
          "text": "RSI 1h sub 65 (nu overbought)",
          "met": true
        },
        {
          "text": "Pre\u021b peste VWAP zilnic",
          "met": true
        },
        {
          "text": "Funding nu e extrem long",
          "met": true
        },
        {
          "text": "Whale flow 6h NET pozitiv sau neutru",
          "met": false
        }
      ],
      "met": 4,
      "total": 5
    },
    "short": {
      "conditions": [
        {
          "text": "Macro fragil (Risk Score < 50)",
          "met": false
        },
        {
          "text": "RSI 1h peste 60 (overbought)",
          "met": true
        },
        {
          "text": "Pre\u021b sub VWAP zilnic",
          "met": false
        },
        {
          "text": "Funding extrem long (long squeeze setup)",
          "met": false
        },
        {
          "text": "Whale flow 6h NET negativ",
          "met": true
        }
      ],
      "met": 2,
      "total": 5
    },
    "squeeze": {
      "conditions": [
        {
          "text": "Bollinger Bands str\u00e2nse (BB width < 2%)",
          "met": false
        },
        {
          "text": "Funding extrem (>0.04% sau <-0.03%)",
          "met": false
        },
        {
          "text": "OI \u00een cre\u0219tere (>3% \u00een 12h)",
          "met": true
        }
      ],
      "met": 1,
      "total": 3
    }
  },
  "alerts": []
}