{
  "version": "1.0",
  "timestamp": "2026-05-05T06:10:08.920563+00:00",
  "btc_price": 80910.67,
  "btc_change_24h": 1.218,
  "btc_high_24h": 81323.52,
  "btc_low_24h": 78202.0,
  "btc_volume_24h_usd": 1815611927.6138475,
  "score": 56,
  "bias": "NEUTRU",
  "bias_text": "F\u0103r\u0103 edge clar \u2014 a\u0219teapt\u0103 setup mai curat",
  "conviction": "LOW",
  "components": {
    "rsi_multi_tf": {
      "raw": -0.135,
      "weight": 0.18,
      "contribution": -0.024
    },
    "macd_1h": {
      "raw": 0.2,
      "weight": 0.1,
      "contribution": 0.02
    },
    "vwap": {
      "raw": 0.253,
      "weight": 0.1,
      "contribution": 0.025
    },
    "pivots": {
      "raw": 0.369,
      "weight": 0.07,
      "contribution": 0.026
    },
    "funding": {
      "raw": 0.0,
      "weight": 0.12,
      "contribution": 0.0
    },
    "oi_delta": {
      "raw": 0.0,
      "weight": 0.07,
      "contribution": 0.0
    },
    "ls_divergence": {
      "raw": 0.032,
      "weight": 0.08,
      "contribution": 0.003
    },
    "taker": {
      "raw": 0.4,
      "weight": 0.08,
      "contribution": 0.032
    },
    "whale_flow": {
      "raw": 0.0,
      "weight": 0.1,
      "contribution": 0.0
    },
    "macro_context": {
      "raw": 0.4,
      "weight": 0.1,
      "contribution": 0.04
    }
  },
  "indicators": {
    "rsi_15m": 62.2,
    "rsi_1h": 65.8,
    "rsi_4h": 67.6,
    "rsi_1d": 70.6,
    "macd_1h": {
      "macd": 399.319854641697,
      "signal": 333.6890885722094,
      "hist": 65.6307660694876,
      "hist_prev": 70.7865355728793
    },
    "atr_1h": 407.5071428571412,
    "bb_1h": {
      "upper": 81338.45170843214,
      "lower": 78791.15829156787,
      "sma": 80064.80500000001,
      "width_pct": 3.181539525218687
    },
    "vwap": 80706.12207440393,
    "pivots": {
      "pivot": 79575.36666666667,
      "r1": 81022.43333333333,
      "r2": 82218.76666666666,
      "s1": 78379.03333333334,
      "s2": 76931.96666666667,
      "y_high": 80771.7,
      "y_low": 78128.3,
      "y_close": 79826.1
    }
  },
  "crowd": {
    "funding_pct": -0.000383,
    "funding_8h_avg": -0.00123,
    "oi_value_usd": 8999810187.6522,
    "oi_delta_pct_12h": 2.69,
    "global_ls": {
      "long_pct": 33.29,
      "short_pct": 66.71000000000001,
      "ratio": 0.499
    },
    "top_trader_ls": {
      "long_pct": 33.92,
      "short_pct": 66.08000000000001,
      "ratio": 0.5133
    },
    "taker_ratio": {
      "buy_vol": 8538.300000000001,
      "sell_vol": 5088.87,
      "ratio": 1.677838105512619
    }
  },
  "whale_flow_6h": {
    "long_usd": 11766559.18,
    "short_usd": 20232500.0,
    "net_usd": -8465940.82,
    "fill_count": 0,
    "smart_long_pct": 36.8,
    "signal": "NEUTRAL"
  },
  "macro_context": {
    "risk_v2_score": 62,
    "risk_v2_decision": "HOLD",
    "risk_v2_conviction": "LOW"
  },
  "volatility": {
    "label": "sc\u0103zut\u0103",
    "atr_pct": 0.5036506839668257,
    "level": "low"
  },
  "session": {
    "active": "Asia",
    "next": "EU",
    "minutes_to_next": 50
  },
  "setups": {
    "long": {
      "conditions": [
        {
          "text": "Macro suport\u0103 (Risk Score > 50)",
          "met": true
        },
        {
          "text": "RSI 1h sub 65 (nu overbought)",
          "met": false
        },
        {
          "text": "Pre\u021b peste VWAP zilnic",
          "met": true
        },
        {
          "text": "Funding nu e extrem long",
          "met": true
        },
        {
          "text": "Whale flow 6h NET pozitiv sau neutru",
          "met": false
        }
      ],
      "met": 3,
      "total": 5
    },
    "short": {
      "conditions": [
        {
          "text": "Macro fragil (Risk Score < 50)",
          "met": false
        },
        {
          "text": "RSI 1h peste 60 (overbought)",
          "met": true
        },
        {
          "text": "Pre\u021b sub VWAP zilnic",
          "met": false
        },
        {
          "text": "Funding extrem long (long squeeze setup)",
          "met": false
        },
        {
          "text": "Whale flow 6h NET negativ",
          "met": true
        }
      ],
      "met": 2,
      "total": 5
    },
    "squeeze": {
      "conditions": [
        {
          "text": "Bollinger Bands str\u00e2nse (BB width < 2%)",
          "met": false
        },
        {
          "text": "Funding extrem (>0.04% sau <-0.03%)",
          "met": false
        },
        {
          "text": "OI \u00een cre\u0219tere (>3% \u00een 12h)",
          "met": false
        }
      ],
      "met": 0,
      "total": 3
    }
  },
  "alerts": []
}